{
  "best_metric": null,
  "best_model_checkpoint": null,
  "epoch": 1.0,
  "eval_steps": 500,
  "global_step": 1756,
  "is_hyper_param_search": false,
  "is_local_process_zero": true,
  "is_world_process_zero": true,
  "log_history": [
    {
      "epoch": 0.2847380410022779,
      "grad_norm": 4.423705101013184,
      "learning_rate": 1.810174639331815e-05,
      "loss": 0.2646,
      "step": 500
    },
    {
      "epoch": 0.5694760820045558,
      "grad_norm": 0.28731071949005127,
      "learning_rate": 1.6203492786636296e-05,
      "loss": 0.104,
      "step": 1000
    },
    {
      "epoch": 0.8542141230068337,
      "grad_norm": 4.679545879364014,
      "learning_rate": 1.4305239179954442e-05,
      "loss": 0.0759,
      "step": 1500
    },
    {
      "epoch": 1.0,
      "eval_accuracy": 0.9814416907046565,
      "eval_f1": 0.9133129493430294,
      "eval_loss": 0.07156376540660858,
      "eval_precision": 0.8972235752557234,
      "eval_recall": 0.9299899023897678,
      "eval_runtime": 141.1846,
      "eval_samples_per_second": 23.02,
      "eval_steps_per_second": 2.883,
      "step": 1756
    }
  ],
  "logging_steps": 500,
  "max_steps": 5268,
  "num_input_tokens_seen": 0,
  "num_train_epochs": 3,
  "save_steps": 500,
  "stateful_callbacks": {
    "TrainerControl": {
      "args": {
        "should_epoch_stop": false,
        "should_evaluate": false,
        "should_log": false,
        "should_save": true,
        "should_training_stop": false
      },
      "attributes": {}
    }
  },
  "total_flos": 307010455479936.0,
  "train_batch_size": 8,
  "trial_name": null,
  "trial_params": null
}
